{"2102851-3.jpg71440":{"fileref":"","size":71440,"filename":"2102851-3.jpg","base64_img_data":"","file_attributes":{},"regions":{"0":{"shape_attributes":{"name":"polygon","all_points_x":[72,109,85,58,7,1,4,31,66,72],"all_points_y":[44,100,150,172,167,85,14,2,22,44]},"region_attributes":{"a阳性，b阴性，c非经典阳性，d单红/单绿，e无信号，f成团细胞，g杂质，h正常细胞，i模糊不清":"d"}},"1":{"shape_attributes":{"name":"polygon","all_points_x":[72,108,105,92,90,54,34,12,0,0,3,2,19,56,72],"all_points_y":[224,296,319,349,352,382,397,396,373,287,242,197,194,210,224]},"region_attributes":{"a阳性，b阴性，c非经典阳性，d单红/单绿，e无信号，f成团细胞，g杂质，h正常细胞，i模糊不清":"i"}},"2":{"shape_attributes":{"name":"polygon","all_points_x":[130,133,140,153,151,123,92,50,41,26,21,26,26,42,63,101,130],"all_points_y":[389,423,455,481,507,511,511,511,510,498,464,445,424,404,375,348,389]},"region_attributes":{"a阳性，b阴性，c非经典阳性，d单红/单绿，e无信号，f成团细胞，g杂质，h正常细胞，i模糊不清":"c"}},"3":{"shape_attributes":{"name":"polygon","all_points_x":[207,232,278,283,288,299,299,297,288,279,272,253,226,193,160,143,135,137,137,127,120,143,177,207],"all_points_y":[319,333,380,401,422,444,453,456,469,478,483,486,492,491,465,449,425,410,392,378,355,325,319,319]},"region_attributes":{"a阳性，b阴性，c非经典阳性，d单红/单绿，e无信号，f成团细胞，g杂质，h正常细胞，i模糊不清":"c"}},"4":{"shape_attributes":{"name":"polygon","all_points_x":[324,344,359,360,357,258,166,161,170,205,272,300,303,298,322,324],"all_points_y":[454,482,484,499,508,510,511,486,477,497,484,459,444,423,445,454]},"region_attributes":{"a阳性，b阴性，c非经典阳性，d单红/单绿，e无信号，f成团细胞，g杂质，h正常细胞，i模糊不清":"c"}},"5":{"shape_attributes":{"name":"polygon","all_points_x":[435,438,442,462,518,536,555,556,547,515,461,441,443,436,435],"all_points_y":[49,13,9,2,6,6,32,54,65,70,103,110,81,55,49]},"region_attributes":{"a阳性，b阴性，c非经典阳性，d单红/单绿，e无信号，f成团细胞，g杂质，h正常细胞，i模糊不清":"g"}},"6":{"shape_attributes":{"name":"polygon","all_points_x":[512,545,572,602,612,625,652,644,642,653,657,648,621,593,558,540,528,513,497,499,512],"all_points_y":[113,93,84,78,93,107,162,195,165,165,214,235,240,250,249,240,228,204,173,145,113]},"region_attributes":{"a阳性，b阴性，c非经典阳性，d单红/单绿，e无信号，f成团细胞，g杂质，h正常细胞，i模糊不清":"e"}},"7":{"shape_attributes":{"name":"polygon","all_points_x":[517,527,544,559,569,585,611,633,668,670,664,657,633,595,575,557,541,521,510,517],"all_points_y":[342,320,288,270,260,252,252,249,280,345,382,414,426,440,437,420,392,373,347,342]},"region_attributes":{"a阳性，b阴性，c非经典阳性，d单红/单绿，e无信号，f成团细胞，g杂质，h正常细胞，i模糊不清":"c"}},"8":{"shape_attributes":{"name":"polygon","all_points_x":[473,505,530,544,532,509,486,463,451,467,473],"all_points_y":[241,242,260,284,308,335,323,292,270,254,241]},"region_attributes":{"a阳性，b阴性，c非经典阳性，d单红/单绿，e无信号，f成团细胞，g杂质，h正常细胞，i模糊不清":"e"}},"9":{"shape_attributes":{"name":"polygon","all_points_x":[463,485,490,508,539,546,554,557,548,544,501,458,446,430,429,461,463],"all_points_y":[411,401,397,391,405,427,445,473,504,509,510,509,510,459,437,420,411]},"region_attributes":{"a阳性，b阴性，c非经典阳性，d单红/单绿，e无信号，f成团细胞，g杂质，h正常细胞，i模糊不清":"i"}},"10":{"shape_attributes":{"name":"polygon","all_points_x":[666,670,674,690,716,719,714,695,678,670,670,671,666],"all_points_y":[264,244,228,214,222,238,450,441,412,394,363,333,264]},"region_attributes":{"a阳性，b阴性，c非经典阳性，d单红/单绿，e无信号，f成团细胞，g杂质，h正常细胞，i模糊不清":"e"}},"11":{"shape_attributes":{"name":"polygon","all_points_x":[571,601,639,666,709,713,714,701,575,569,564,564,578,571],"all_points_y":[445,446,430,434,463,489,507,508,509,499,469,454,446,445]},"region_attributes":{"a阳性，b阴性，c非经典阳性，d单红/单绿，e无信号，f成团细胞，g杂质，h正常细胞，i模糊不清":"d"}}}}}