{"2102851-6.jpg79209":{"fileref":"","size":79209,"filename":"2102851-6.jpg","base64_img_data":"","file_attributes":{},"regions":{"0":{"shape_attributes":{"name":"polygon","all_points_x":[88,128,141,152,118,88,30,1,2,4,28,62,88],"all_points_y":[65,54,39,9,2,2,0,1,27,77,78,73,65]},"region_attributes":{"a阳性，b阴性，c非经典阳性，d单红/单绿，e无信号，f成团细胞，g杂质，h正常细胞，i模糊不清":"i"}},"1":{"shape_attributes":{"name":"polygon","all_points_x":[62,96,125,151,163,186,209,202,187,138,108,55,44,36,43,62],"all_points_y":[106,90,90,127,153,185,217,245,251,254,238,200,172,139,126,106]},"region_attributes":{"a阳性，b阴性，c非经典阳性，d单红/单绿，e无信号，f成团细胞，g杂质，h正常细胞，i模糊不清":"c"}},"2":{"shape_attributes":{"name":"polygon","all_points_x":[96,112,112,125,127,116,88,63,46,16,2,1,5,14,28,62,96],"all_points_y":[417,404,379,337,276,256,237,221,199,186,190,351,374,388,399,413,417]},"region_attributes":{"a阳性，b阴性，c非经典阳性，d单红/单绿，e无信号，f成团细胞，g杂质，h正常细胞，i模糊不清":"d"}},"3":{"shape_attributes":{"name":"polygon","all_points_x":[196,227,241,274,298,318,326,308,309,293,281,260,249,237,224,200,176,170,163,173,196],"all_points_y":[71,62,53,50,71,113,160,196,222,250,260,246,239,223,202,200,157,130,108,85,71]},"region_attributes":{"a阳性，b阴性，c非经典阳性，d单红/单绿，e无信号，f成团细胞，g杂质，h正常细胞，i模糊不清":"a"}},"4":{"shape_attributes":{"name":"polygon","all_points_x":[366,410,416,426,431,367,347,318,294,264,247,231,219,225,253,275,302,325,338,355,366],"all_points_y":[272,320,337,352,381,446,442,423,419,410,372,354,322,304,295,288,264,251,245,255,272]},"region_attributes":{"a阳性，b阴性，c非经典阳性，d单红/单绿，e无信号，f成团细胞，g杂质，h正常细胞，i模糊不清":"c"}},"5":{"shape_attributes":{"name":"polygon","all_points_x":[148,169,191,215,243,247,244,222,204,181,163,148,151,148],"all_points_y":[370,341,318,322,373,396,423,455,466,470,448,424,392,370]},"region_attributes":{"a阳性，b阴性，c非经典阳性，d单红/单绿，e无信号，f成团细胞，g杂质，h正常细胞，i模糊不清":"d"}},"6":{"shape_attributes":{"name":"polygon","all_points_x":[207,224,248,281,299,316,336,336,351,330,289,241,220,212,207],"all_points_y":[488,465,444,425,429,435,443,458,476,508,511,509,508,496,488]},"region_attributes":{"a阳性，b阴性，c非经典阳性，d单红/单绿，e无信号，f成团细胞，g杂质，h正常细胞，i模糊不清":"b"}},"7":{"shape_attributes":{"name":"polygon","all_points_x":[461,470,505,539,564,571,516,472,433,401,397,411,429,440,461],"all_points_y":[342,335,344,375,397,426,500,508,509,452,435,416,389,365,342]},"region_attributes":{"a阳性，b阴性，c非经典阳性，d单红/单绿，e无信号，f成团细胞，g杂质，h正常细胞，i模糊不清":"b"}},"8":{"shape_attributes":{"name":"polygon","all_points_x":[508,542,574,573,601,573,546,527,501,486,478,452,447,469,494,508],"all_points_y":[218,236,277,304,379,387,380,362,342,326,293,267,237,210,207,218]},"region_attributes":{"a阳性，b阴性，c非经典阳性，d单红/单绿，e无信号，f成团细胞，g杂质，h正常细胞，i模糊不清":"b"}},"9":{"shape_attributes":{"name":"polygon","all_points_x":[420,407,382,348,334,320,330,358,387,415,430,481,494,494,494,482,454,435,420],"all_points_y":[172,172,178,146,115,82,45,36,25,9,0,1,30,84,117,139,159,169,172]},"region_attributes":{"a阳性，b阴性，c非经典阳性，d单红/单绿，e无信号，f成团细胞，g杂质，h正常细胞，i模糊不清":"c"}},"10":{"shape_attributes":{"name":"polygon","all_points_x":[509,504,509,585,635,631,644,643,624,603,556,528,507,509],"all_points_y":[122,75,25,25,42,66,84,111,157,185,183,157,130,122]},"region_attributes":{"a阳性，b阴性，c非经典阳性，d单红/单绿，e无信号，f成团细胞，g杂质，h正常细胞，i模糊不清":"b"}},"11":{"shape_attributes":{"name":"polygon","all_points_x":[640,659,671,696,713,717,719,717,697,673,645,632,623,640],"all_points_y":[161,134,94,56,58,119,181,224,234,219,209,191,174,161]},"region_attributes":{"a阳性，b阴性，c非经典阳性，d单红/单绿，e无信号，f成团细胞，g杂质，h正常细胞，i模糊不清":"c"}},"12":{"shape_attributes":{"name":"polygon","all_points_x":[693,677,679,690,690,633,629,644,633,631,550,550,600,631,687,709,716,718,718,715,704,693],"all_points_y":[264,292,325,345,362,341,356,409,431,434,501,502,509,509,508,510,511,437,331,266,260,264]},"region_attributes":{"a阳性，b阴性，c非经典阳性，d单红/单绿，e无信号，f成团细胞，g杂质，h正常细胞，i模糊不清":"i"}},"13":{"shape_attributes":{"name":"polygon","all_points_x":[301,254,236,215,204,188,184,176,177,195,293,301],"all_points_y":[12,48,46,52,56,55,40,11,6,1,2,12]},"region_attributes":{"a阳性，b阴性，c非经典阳性，d单红/单绿，e无信号，f成团细胞，g杂质，h正常细胞，i模糊不清":"e"}}}}}