{"2102851-4.jpg64010":{"fileref":"","size":64010,"filename":"2102851-4.jpg","base64_img_data":"","file_attributes":{},"regions":{"0":{"shape_attributes":{"name":"polygon","all_points_x":[240,243,255,259,384,385,390,384,371,354,321,296,246,238,228,240,241,242,244,244,240],"all_points_y":[43,23,5,0,1,31,69,121,125,123,120,126,100,89,65,37,38,26,22,22,43]},"region_attributes":{"a阳性，b阴性，c非经典阳性，d单红/单绿，e无信号，f成团细胞，g杂质，h正常细胞，i模糊不清":"c"}},"1":{"shape_attributes":{"name":"polygon","all_points_x":[79,109,148,186,202,214,232,248,248,244,213,196,126,104,78,68,67,73,79],"all_points_y":[117,95,78,65,66,92,121,163,216,231,252,258,225,208,173,155,137,124,117]},"region_attributes":{"a阳性，b阴性，c非经典阳性，d单红/单绿，e无信号，f成团细胞，g杂质，h正常细胞，i模糊不清":"b"}},"2":{"shape_attributes":{"name":"polygon","all_points_x":[44,61,61,59,62,53,20,7,3,8,7,36,44],"all_points_y":[164,190,205,226,250,269,268,254,234,208,184,158,164]},"region_attributes":{"a阳性，b阴性，c非经典阳性，d单红/单绿，e无信号，f成团细胞，g杂质，h正常细胞，i模糊不清":"d"}},"3":{"shape_attributes":{"name":"polygon","all_points_x":[370,359,335,310,298,278,255,248,256,253,250,245,248,274,293,315,330,342,330,344,366,379,377,381,385,385,383,377,370],"all_points_y":[176,154,132,130,129,126,131,141,180,209,223,234,258,304,303,305,302,288,300,301,300,287,266,246,220,208,198,188,176]},"region_attributes":{"a阳性，b阴性，c非经典阳性，d单红/单绿，e无信号，f成团细胞，g杂质，h正常细胞，i模糊不清":"b"}},"4":{"shape_attributes":{"name":"polygon","all_points_x":[135,125,117,133,157,206,234,252,268,268,263,257,250,238,211,202,189,162,135],"all_points_y":[359,349,320,284,241,266,259,273,299,319,334,358,379,384,396,394,390,382,359]},"region_attributes":{"a阳性，b阴性，c非经典阳性，d单红/单绿，e无信号，f成团细胞，g杂质，h正常细胞，i模糊不清":"b"}},"5":{"shape_attributes":{"name":"polygon","all_points_x":[425,419,426,413,386,378,363,361,342,325,304,281,260,288,303,336,366,389,412,425],"all_points_y":[335,363,417,440,450,450,438,437,424,420,415,404,378,322,313,305,300,306,327,335]},"region_attributes":{"a阳性，b阴性，c非经典阳性，d单红/单绿，e无信号，f成团细胞，g杂质，h正常细胞，i模糊不清":"i"}},"6":{"shape_attributes":{"name":"polygon","all_points_x":[186,201,241,291,358,359,357,337,317,290,264,227,216,205,188,182,186],"all_points_y":[408,406,407,413,443,453,474,493,503,504,505,485,475,467,448,422,408]},"region_attributes":{"a阳性，b阴性，c非经典阳性，d单红/单绿，e无信号，f成团细胞，g杂质，h正常细胞，i模糊不清":"b"}},"7":{"shape_attributes":{"name":"polygon","all_points_x":[16,50,76,100,99,16,10,1,0,16],"all_points_y":[282,271,277,292,347,389,373,327,297,282]},"region_attributes":{"a阳性，b阴性，c非经典阳性，d单红/单绿，e无信号，f成团细胞，g杂质，h正常细胞，i模糊不清":"b"}},"8":{"shape_attributes":{"name":"polygon","all_points_x":[465,459,479,557,595,605,596,566,520,493,475,466,465],"all_points_y":[27,10,3,2,2,14,44,79,85,82,58,37,27]},"region_attributes":{"a阳性，b阴性，c非经典阳性，d单红/单绿，e无信号，f成团细胞，g杂质，h正常细胞，i模糊不清":"e"}},"9":{"shape_attributes":{"name":"polygon","all_points_x":[473,476,537,573,592,599,592,583,557,511,485,487,485,476,473],"all_points_y":[261,230,225,231,292,320,351,379,375,357,343,309,288,272,261]},"region_attributes":{"a阳性，b阴性，c非经典阳性，d单红/单绿，e无信号，f成团细胞，g杂质，h正常细胞，i模糊不清":"b"}},"10":{"shape_attributes":{"name":"polygon","all_points_x":[668,682,702,710,716,704,691,669,663,664,666,668],"all_points_y":[444,442,447,459,501,506,509,494,475,460,452,444]},"region_attributes":{"a阳性，b阴性，c非经典阳性，d单红/单绿，e无信号，f成团细胞，g杂质，h正常细胞，i模糊不清":"e"}}}}}