{"2102851-7.jpg78435":{"fileref":"","size":78435,"filename":"2102851-7.jpg","base64_img_data":"","file_attributes":{},"regions":{"0":{"shape_attributes":{"name":"polygon","all_points_x":[98,113,134,150,166,172,173,173,110,15,16,48,65,82,94,98],"all_points_y":[45,50,49,43,38,26,10,1,0,1,16,40,54,51,53,45]},"region_attributes":{"a阳性，b阴性，c非经典阳性，d单红/单绿，e无信号，f成团细胞，g杂质，h正常细胞，i模糊不清":"d"}},"1":{"shape_attributes":{"name":"polygon","all_points_x":[71,79,84,90,89,45,13,7,2,3,1,2,18,46,57,67,71],"all_points_y":[174,163,131,104,80,44,26,22,39,115,205,225,227,221,211,192,174]},"region_attributes":{"a阳性，b阴性，c非经典阳性，d单红/单绿，e无信号，f成团细胞，g杂质，h正常细胞，i模糊不清":"b"}},"2":{"shape_attributes":{"name":"polygon","all_points_x":[134,155,171,184,181,162,131,99,78,61,66,76,87,94,94,118,134],"all_points_y":[84,132,171,216,253,267,272,270,251,221,199,178,138,90,82,71,84]},"region_attributes":{"a阳性，b阴性，c非经典阳性，d单红/单绿，e无信号，f成团细胞，g杂质，h正常细胞，i模糊不清":"i"}},"3":{"shape_attributes":{"name":"polygon","all_points_x":[76,113,136,138,102,66,32,18,9,2,5,9,76],"all_points_y":[274,304,343,378,398,398,386,361,331,316,275,252,274]},"region_attributes":{"a阳性，b阴性，c非经典阳性，d单红/单绿，e无信号，f成团细胞，g杂质，h正常细胞，i模糊不清":"b"}},"4":{"shape_attributes":{"name":"polygon","all_points_x":[186,211,201,182,164,153,148,153,176,193,199,186],"all_points_y":[288,300,330,350,352,340,312,287,274,282,292,288]},"region_attributes":{"a阳性，b阴性，c非经典阳性，d单红/单绿，e无信号，f成团细胞，g杂质，h正常细胞，i模糊不清":"e"}},"5":{"shape_attributes":{"name":"polygon","all_points_x":[135,176,187,208,195,173,144,125,85,125,135],"all_points_y":[397,392,409,442,469,489,503,505,444,404,397]},"region_attributes":{"a阳性，b阴性，c非经典阳性，d单红/单绿，e无信号，f成团细胞，g杂质，h正常细胞，i模糊不清":"e"}},"6":{"shape_attributes":{"name":"polygon","all_points_x":[191,248,284,311,318,319,264,188,191],"all_points_y":[29,65,64,52,20,5,1,0,29]},"region_attributes":{"a阳性，b阴性，c非经典阳性，d单红/单绿，e无信号，f成团细胞，g杂质，h正常细胞，i模糊不清":"c"}},"7":{"shape_attributes":{"name":"polygon","all_points_x":[319,343,343,322,294,263,222,203,179,154,149,168,183,210,263,280,301,319],"all_points_y":[117,154,191,229,260,263,242,208,151,98,79,47,34,43,74,70,98,117]},"region_attributes":{"a阳性，b阴性，c非经典阳性，d单红/单绿，e无信号，f成团细胞，g杂质，h正常细胞，i模糊不清":"a"}},"8":{"shape_attributes":{"name":"polygon","all_points_x":[421,459,462,450,422,401,372,351,318,298,298,312,321,327,374,390,416,421],"all_points_y":[57,97,123,148,171,172,160,126,96,73,64,53,18,0,5,26,51,57]},"region_attributes":{"a阳性，b阴性，c非经典阳性，d单红/单绿，e无信号，f成团细胞，g杂质，h正常细胞，i模糊不清":"b"}},"9":{"shape_attributes":{"name":"polygon","all_points_x":[417,453,473,479,490,481,460,443,400,366,358,342,317,307,329,349,393,396,426,417],"all_points_y":[189,182,205,226,266,286,311,318,339,310,298,284,264,240,224,180,180,187,184,189]},"region_attributes":{"a阳性，b阴性，c非经典阳性，d单红/单绿，e无信号，f成团细胞，g杂质，h正常细胞，i模糊不清":"a"}},"10":{"shape_attributes":{"name":"polygon","all_points_x":[346,380,413,435,440,440,425,388,358,334,303,289,295,326,351,346],"all_points_y":[368,365,398,429,453,470,485,502,501,478,460,437,394,370,364,368]},"region_attributes":{"a阳性，b阴性，c非经典阳性，d单红/单绿，e无信号，f成团细胞，g杂质，h正常细胞，i模糊不清":"b"}},"11":{"shape_attributes":{"name":"polygon","all_points_x":[509,556,650,600,587,563,551,455,448,455,470,487,509],"all_points_y":[104,140,140,68,40,12,2,0,9,36,55,78,104]},"region_attributes":{"a阳性，b阴性，c非经典阳性，d单红/单绿，e无信号，f成团细胞，g杂质，h正常细胞，i模糊不清":"b"}},"12":{"shape_attributes":{"name":"polygon","all_points_x":[647,683,706,718,715,704,639,564,568,576,594,605,616,643,647],"all_points_y":[88,93,74,41,16,3,1,1,12,34,56,73,85,92,88]},"region_attributes":{"a阳性，b阴性，c非经典阳性，d单红/单绿，e无信号，f成团细胞，g杂质，h正常细胞，i模糊不清":"c"}},"13":{"shape_attributes":{"name":"polygon","all_points_x":[550,609,654,657,653,629,569,537,510,489,497,514,533,550],"all_points_y":[151,141,179,215,239,276,312,304,275,234,204,164,160,151]},"region_attributes":{"a阳性，b阴性，c非经典阳性，d单红/单绿，e无信号，f成团细胞，g杂质，h正常细胞，i模糊不清":"c"}},"14":{"shape_attributes":{"name":"polygon","all_points_x":[514,561,597,599,571,529,505,472,447,421,417,429,462,514],"all_points_y":[335,366,407,436,455,479,462,436,417,376,346,323,315,335]},"region_attributes":{"a阳性，b阴性，c非经典阳性，d单红/单绿，e无信号，f成团细胞，g杂质，h正常细胞，i模糊不清":"c"}},"15":{"shape_attributes":{"name":"polygon","all_points_x":[639,663,702,717,719,719,719,631,619,636,660,661,658,642,633,639,643,640,639],"all_points_y":[354,328,311,327,435,505,510,510,505,484,468,449,426,408,390,378,374,347,354]},"region_attributes":{"a阳性，b阴性，c非经典阳性，d单红/单绿，e无信号，f成团细胞，g杂质，h正常细胞，i模糊不清":"i"}},"16":{"shape_attributes":{"name":"polygon","all_points_x":[616,635,649,659,657,644,617,611,592,564,528,520,556,604,614,616],"all_points_y":[413,413,425,431,456,476,498,508,510,509,511,509,481,444,428,413]},"region_attributes":{"a阳性，b阴性，c非经典阳性，d单红/单绿，e无信号，f成团细胞，g杂质，h正常细胞，i模糊不清":"e"}}}}}