{"2102851-8.jpg59830":{"fileref":"","size":59830,"filename":"2102851-8.jpg","base64_img_data":"","file_attributes":{},"regions":{"0":{"shape_attributes":{"name":"polygon","all_points_x":[34,65,101,133,141,149,87,71,44,26,4,8,18,34],"all_points_y":[184,187,189,211,234,265,335,337,311,294,272,221,194,184]},"region_attributes":{"a阳性，b阴性，c非经典阳性，d单红/单绿，e无信号，f成团细胞，g杂质，h正常细胞，i模糊不清":"c"}},"1":{"shape_attributes":{"name":"polygon","all_points_x":[64,63,90,142,170,158,143,88,64],"all_points_y":[8,57,82,76,48,26,11,9,8]},"region_attributes":{"a阳性，b阴性，c非经典阳性，d单红/单绿，e无信号，f成团细胞，g杂质，h正常细胞，i模糊不清":"e"}},"2":{"shape_attributes":{"name":"polygon","all_points_x":[236,231,229,269,322,309,292,246,222,236],"all_points_y":[49,23,12,3,20,63,74,75,50,49]},"region_attributes":{"a阳性，b阴性，c非经典阳性，d单红/单绿，e无信号，f成团细胞，g杂质，h正常细胞，i模糊不清":"e"}},"3":{"shape_attributes":{"name":"polygon","all_points_x":[384,396,431,498,510,515,489,465,423,391,379,361,359,373,379,384],"all_points_y":[45,28,16,41,82,130,166,186,173,144,123,92,72,50,46,45]},"region_attributes":{"a阳性，b阴性，c非经典阳性，d单红/单绿，e无信号，f成团细胞，g杂质，h正常细胞，i模糊不清":"b"}},"4":{"shape_attributes":{"name":"polygon","all_points_x":[321,339,351,354,341,335,303,286,236,234,248,275,302,326,321],"all_points_y":[146,175,196,215,254,283,307,290,227,195,180,152,141,152,146]},"region_attributes":{"a阳性，b阴性，c非经典阳性，d单红/单绿，e无信号，f成团细胞，g杂质，h正常细胞，i模糊不清":"d"}},"5":{"shape_attributes":{"name":"polygon","all_points_x":[415,470,518,486,428,380,415],"all_points_y":[268,276,312,396,387,332,268]},"region_attributes":{"a阳性，b阴性，c非经典阳性，d单红/单绿，e无信号，f成团细胞，g杂质，h正常细胞，i模糊不清":"d"}},"6":{"shape_attributes":{"name":"polygon","all_points_x":[281,304,350,410,389,268,210,187,173,178,208,237,247,277,286,281],"all_points_y":[422,441,443,471,503,506,509,501,490,466,448,431,421,418,421,422]},"region_attributes":{"a阳性，b阴性，c非经典阳性，d单红/单绿，e无信号，f成团细胞，g杂质，h正常细胞，i模糊不清":"i"}},"7":{"shape_attributes":{"name":"polygon","all_points_x":[590,579,599,623,666,690,698,694,701,705,707,640,609,599,596,564,536,545,571,578,590],"all_points_y":[255,262,248,244,249,266,292,315,343,368,403,447,436,410,389,361,330,299,267,259,255]},"region_attributes":{"a阳性，b阴性，c非经典阳性，d单红/单绿，e无信号，f成团细胞，g杂质，h正常细胞，i模糊不清":"b"}},"8":{"shape_attributes":{"name":"polygon","all_points_x":[651,672,705,711,717,717,712,705,668,663,651],"all_points_y":[23,49,81,77,61,34,1,0,4,9,23]},"region_attributes":{"a阳性，b阴性，c非经典阳性，d单红/单绿，e无信号，f成团细胞，g杂质，h正常细胞，i模糊不清":"e"}}}}}