{"2102851-5.jpg71677":{"fileref":"","size":71677,"filename":"2102851-5.jpg","base64_img_data":"","file_attributes":{},"regions":{"0":{"shape_attributes":{"name":"polygon","all_points_x":[162,185,198,230,251,267,285,298,311,315,324,324,296,146,126,122,137,149,162],"all_points_y":[47,67,75,89,98,99,98,86,72,49,16,4,3,4,1,5,25,36,47]},"region_attributes":{"a阳性，b阴性，c非经典阳性，d单红/单绿，e无信号，f成团细胞，g杂质，h正常细胞，i模糊不清":"c"}},"1":{"shape_attributes":{"name":"polygon","all_points_x":[310,287,304,338,347,371,436,474,494,527,560,542,514,486,472,444,418,382,334,310],"all_points_y":[84,122,140,153,160,168,162,157,155,161,135,109,91,71,52,25,13,27,54,84]},"region_attributes":{"a阳性，b阴性，c非经典阳性，d单红/单绿，e无信号，f成团细胞，g杂质，h正常细胞，i模糊不清":"c"}},"2":{"shape_attributes":{"name":"polygon","all_points_x":[265,270,296,349,370,400,426,431,430,404,371,332,305,264,256,254,265],"all_points_y":[212,191,177,173,177,220,235,256,279,296,305,324,320,251,235,221,212]},"region_attributes":{"a阳性，b阴性，c非经典阳性，d单红/单绿，e无信号，f成团细胞，g杂质，h正常细胞，i模糊不清":"a"}},"3":{"shape_attributes":{"name":"polygon","all_points_x":[107,77,47,62,101,115,131,162,201,200,217,235,225,242,258,230,208,247,254,265,244,210,185,160,151,119,102,92,88,93,107],"all_points_y":[322,299,270,241,241,224,203,184,174,217,218,238,274,280,297,336,332,347,368,387,415,413,406,388,381,351,332,317,313,306,322]},"region_attributes":{"a阳性，b阴性，c非经典阳性，d单红/单绿，e无信号，f成团细胞，g杂质，h正常细胞，i模糊不清":"a"}},"4":{"shape_attributes":{"name":"polygon","all_points_x":[292,279,299,334,354,387,417,442,468,497,528,523,340,306,292],"all_points_y":[497,475,440,429,419,410,413,415,411,418,495,505,510,505,497]},"region_attributes":{"a阳性，b阴性，c非经典阳性，d单红/单绿，e无信号，f成团细胞，g杂质，h正常细胞，i模糊不清":"d"}},"5":{"shape_attributes":{"name":"polygon","all_points_x":[610,611,625,660,691,709,718,717,715,708,694,641,622,610],"all_points_y":[50,21,7,4,3,0,7,68,102,132,127,109,84,50]},"region_attributes":{"a阳性，b阴性，c非经典阳性，d单红/单绿，e无信号，f成团细胞，g杂质，h正常细胞，i模糊不清":"e"}},"6":{"shape_attributes":{"name":"polygon","all_points_x":[633,619,594,601,662,679,706,718,717,716,675,627,633],"all_points_y":[335,308,277,244,181,172,174,209,335,368,368,332,335]},"region_attributes":{"a阳性，b阴性，c非经典阳性，d单红/单绿，e无信号，f成团细胞，g杂质，h正常细胞，i模糊不清":"d"}},"7":{"shape_attributes":{"name":"polygon","all_points_x":[557,590,650,705,709,708,697,672,650,644,649,645,629,602,562,551,557],"all_points_y":[401,354,354,390,419,445,462,490,494,477,495,502,503,500,473,437,401]},"region_attributes":{"a阳性，b阴性，c非经典阳性，d单红/单绿，e无信号，f成团细胞，g杂质，h正常细胞，i模糊不清":"c"}}}}}